nombres,apellidos,email,password,rol
Adrianna,Rickaby,vrickaby0@google.pl,37zZWOh,admin
Cecilia,Broseman,sbroseman1@stumbleupon.com,t5zP0Et,admin
Abrahan,Grove,ggrove2@hubpages.com,QC5S9sMRaL2,admin
Sascha,Cosham,tcosham3@bloglines.com,vIuEOM,admin
Wylie,Rechert,hrechert4@senate.gov,7wjrhgOqxk,admin
Isabelle,Grunder,dgrunder5@slate.com,NaL3zyl9,admin
Elfie,Aggs,qaggs6@is.gd,8H6hdrKHTU,admin
Katlin,Luckes,bluckes7@cloudflare.com,t5oRbki6J,admin
Rufe,Bowser,vbowser8@go.com,Yk5wltGRFGAZ,admin
Zane,Overington,doverington9@nymag.com,BhRXGCx,admin
Carmelia,Rhelton,grheltona@paginegialle.it,eiFcs62G,admin
Ammamaria,Beardsdale,kbeardsdaleb@google.com,NkZF62QdTn,admin
Rosco,Libbey,wlibbeyc@wisc.edu,HjYigC,admin
Mirna,Esgate,cesgated@joomla.org,3leP9cQsI,admin
Davida,Roullier,kroulliere@slideshare.net,TQrKy5,admin
Quintin,McDermott,bmcdermottf@t.co,vNqSwJzA3yb5,admin
Alissa,Giorgetti,dgiorgettig@sciencedirect.com,GC5XdFB,admin
Curry,Spink,lspinkh@state.tx.us,md3RFTA,admin
Maximilianus,Vedstra,evedstrai@geocities.jp,Uq0Clwc,admin
Julie,Hamby,bhambyj@imdb.com,6wB8P2NN,admin
Markos,Sautter,vsautterk@com.com,ZaHuUntGb,admin
Vincent,Harewood,eharewoodl@vinaora.com,5B4guG,admin
Ransell,Balkwill,hbalkwillm@sourceforge.net,iKWgyzu,admin
Aile,Titchmarsh,etitchmarshn@cnbc.com,qwWVnDX2v,admin
Arleta,Patkin,npatkino@google.it,0sKho4Z,admin
Indira,Bleythin,gbleythinp@google.co.uk,zPWtoZg1,admin
Dael,Ownsworth,gownsworthq@blogger.com,yyRcTWwt,admin
Brucie,Uman,numanr@irs.gov,5a4LIbd,admin
Scotty,Royl,mroyls@simplemachines.org,4ekvQBWgE,admin
Cynthea,Scogings,hscogingst@ow.ly,d8UkPkrOvnGB,admin
Izaak,Claasen,rclaasenu@ehow.com,OAEC1hHxhj,admin
Cari,Eldin,weldinv@examiner.com,IcAWT0v,admin
Ferrel,Spriggs,pspriggsw@canalblog.com,K1Z2XJPFEi,admin
Maurie,Todaro,htodarox@yale.edu,ocxBA1Y,admin
Talia,Jozsef,mjozsefy@state.tx.us,AnC0ir,admin
Melina,Gairdner,cgairdnerz@hexun.com,hmZALg,admin
Lil,Matzeitis,tmatzeitis10@google.co.uk,BX6FKiDVx,admin
Celeste,MacLure,amaclure11@sourceforge.net,SR5Bg6Tq,admin
Helge,Lamperd,klamperd12@spiegel.de,xugAgovZ,admin
Odette,Leatherborrow,nleatherborrow13@smugmug.com,yMCDCm,admin
Chadwick,Reinhardt,nreinhardt14@oakley.com,uvJ4pG8,admin
Miriam,Danilov,cdanilov15@ebay.co.uk,43qUITOqDx1,admin
Dunn,Goadbie,cgoadbie16@pbs.org,Pjoqd8UyZNRA,admin
Lacey,De Ferraris,cdeferraris17@biglobe.ne.jp,ww4cEj75CQG,admin
Corabella,Leckey,zleckey18@sina.com.cn,lOLfFmFvt6Pj,admin
Rheta,Morales,mmorales19@sciencedirect.com,ZqNNsW54B,admin
Eddi,Espinazo,mespinazo1a@soup.io,YcEPpM9,admin
Phillida,Bachmann,vbachmann1b@hugedomains.com,VBWYFbKL,admin
Basia,Pryde,dpryde1c@java.com,K8KSvP,admin
Zechariah,Bampkin,fbampkin1d@wikimedia.org,NbaJrf,admin
Nettie,Hullah,ihullah1e@imgur.com,CtVVlZ3ss,admin
Corabella,Shakesby,mshakesby1f@mapquest.com,GL7GaXMf,admin
Zerk,Cordeau,icordeau1g@liveinternet.ru,hViXjcgm4er,admin
Brinn,Shovelbottom,gshovelbottom1h@networksolutions.com,MKvZE3k0,admin
Caresse,Guidini,hguidini1i@ucsd.edu,9nz8EW,admin
Trey,Openshaw,lopenshaw1j@bravesites.com,BF1wj9,admin
Verile,Davana,adavana1k@va.gov,uum3yEewG,admin
Felicia,Ghilardi,gghilardi1l@umich.edu,N4IIA6lfjO,admin
Dorise,Welton,kwelton1m@cnn.com,KtxUzBs,admin
Cathie,Leist,eleist1n@auda.org.au,BesF6EQzCh,admin
Richard,Rosengart,wrosengart1o@51.la,ICXNxtkqFm,admin
Vicki,Burkett,mburkett1p@ucoz.com,EUtKg3S5py,admin
Ryley,Oakinfold,voakinfold1q@dion.ne.jp,PtOPl7YFHgI,admin
Tiertza,Tythe,ktythe1r@admin.ch,0LD9Q6L,admin
Ferdy,Hoggins,thoggins1s@usgs.gov,ofKIDue5Uc7,admin
Doris,Jillard,ejillard1t@unblog.fr,XlGLDtW1IHh,admin
Damian,Comrie,fcomrie1u@xinhuanet.com,6NjS1VeSt7Ec,admin
Rodi,McGuiney,emcguiney1v@github.io,UqsBkZ,admin
Catarina,Opfer,yopfer1w@rambler.ru,K3oy5w56al5,admin
Gerianne,Teck,dteck1x@sphinn.com,CXIdDt,admin
Sharla,Schwaiger,bschwaiger1y@geocities.jp,c5Nc4K7VA8rO,admin
Vassily,Dobbin,jdobbin1z@hubpages.com,crMFbD,admin
Mortie,Mellers,bmellers20@gmpg.org,WNM5mQ,admin
Ravi,Fittes,zfittes21@imageshack.us,5ED595iI8X,admin
Harland,Dunne,jdunne22@dailymail.co.uk,dYB3SfE,admin
Valera,Gearty,rgearty23@gravatar.com,1I6T0kZSRPOR,admin
Chryste,Hawtrey,fhawtrey24@aol.com,guJUUcE,admin
Antonietta,Sainsbury,ssainsbury25@china.com.cn,XG3tCkQ7,admin
Ab,Fells,rfells26@adobe.com,jB2jENBLj,admin
Prisca,Skippon,cskippon27@mtv.com,dF5MTWpjMA,admin
Romain,Downes,kdownes28@loc.gov,VN2MBIenq,admin
Chan,Balffye,mbalffye29@jugem.jp,YaSGnahBI,admin
Marcela,Simioni,dsimioni2a@people.com.cn,BQ8CJN,admin
Gamaliel,McDuall,fmcduall2b@bbc.co.uk,8k1JHqsu5I5W,admin
Erl,Edling,cedling2c@infoseek.co.jp,FWetMXoCgik2,admin
Goran,Cornbill,jcornbill2d@xing.com,zvdty0C,admin
Timmie,Stawell,wstawell2e@last.fm,zDsSyi1Xo01,admin
Oona,McComish,mmccomish2f@wufoo.com,IljsI7a,admin
Stanley,Wloch,pwloch2g@amazon.co.jp,qeKXXx,admin
Lissi,Stennine,dstennine2h@bloglines.com,3cf5p2Sjfv,admin
Christoper,Pollie,apollie2i@cloudflare.com,T3NfJSsq0wq,admin
Tamra,Innocenti,binnocenti2j@naver.com,zfvaVbJC,admin
Erinn,McMonies,rmcmonies2k@a8.net,OJMYegqokb,admin
Sile,Highman,phighman2l@yahoo.com,rAhtOvc91ro,admin
Wells,Droogan,zdroogan2m@abc.net.au,sW7ZPu8G,admin
Cele,Clarridge,lclarridge2n@wordpress.org,2x1EJRyPcw,admin
Ansell,Gunn,agunn2o@360.cn,bsHiai,admin
Ernestine,Crimpe,icrimpe2p@mozilla.com,5l77b4Q,admin
Iris,Safhill,bsafhill2q@dyndns.org,8bSj6qLa,admin
Jaymie,Newtown,inewtown2r@nature.com,EYlupZhCu9w,admin
Edithe,Scrimgeour,tscrimgeour2s@mediafire.com,nsjJnemKNK,admin
Rosemarie,Dearle,udearle2t@nymag.com,3Y9SBV7b,admin
Anica,Newstead,knewstead2u@canalblog.com,1iTNGGnp,admin
Isidor,Kivlehan,vkivlehan2v@samsung.com,BHrt2EuW,admin
Marybeth,Gott,bgott2w@delicious.com,zvUFwhsEm6,admin
Paco,Stelle,cstelle2x@dailymotion.com,EG1ScEA,admin
Flemming,Shouler,mshouler2y@geocities.jp,ZclXnwBYx,admin
Noelyn,Charsley,bcharsley2z@google.fr,vmb5dot,admin
Gamaliel,Gillitt,agillitt30@twitpic.com,b6l6bGUx,admin
Kirstyn,Strangeway,rstrangeway31@oaic.gov.au,jTprGUUx,admin
Haydon,Gilli,dgilli32@vkontakte.ru,vYGhE3ejgf64,admin
Lem,Keer,gkeer33@slashdot.org,TP02Oel2azK3,admin
Sheila,Batrim,mbatrim34@mapquest.com,Na1rfQ,admin
Danyette,Hinckley,bhinckley35@theatlantic.com,vpuc6cglZuc,admin
Harlin,Gee,lgee36@dailymail.co.uk,ITyeVmwA75l,admin
Dorita,Sacks,gsacks37@cocolog-nifty.com,TOZg8nILTCxG,admin
Georgina,Cisco,vcisco38@toplist.cz,sUMdwxBYz8FI,admin
Cyndie,Todarello,ktodarello39@rediff.com,52HuvIQhwd,admin
Klarrisa,Oakland,aoakland3a@nyu.edu,jtBeCicCxu7i,admin
Ringo,Jameson,sjameson3b@gravatar.com,HWk1Bb0d,admin
Had,Treadgold,jtreadgold3c@symantec.com,lB8HTddnFqf0,admin
Rivkah,Bourke,gbourke3d@ft.com,u2CYS4i,admin
Riobard,Buffham,sbuffham3e@engadget.com,RVsxBlYA,admin
Jedd,Trowsdall,atrowsdall3f@salon.com,UafRDXcF,admin
Thatcher,Ginty,rginty3g@oakley.com,iEyF6PWxTYJt,admin
Timothy,Siney,bsiney3h@hugedomains.com,8aIdXiH6S,admin
Pierre,Kirsche,akirsche3i@epa.gov,VkfogFt2SriM,admin
Bliss,Fattorini,hfattorini3j@bigcartel.com,V9541Ec8Eg,admin
Kerri,Seleway,mseleway3k@cloudflare.com,TifYOMi,admin
Loleta,VanBrugh,cvanbrugh3l@weather.com,1wW2Yt,admin
Philippine,Warrick,lwarrick3m@umich.edu,xVpyMxzTTLM,admin
Clemmy,Antal,hantal3n@phoca.cz,TlV8Bc,admin
Amil,Campkin,scampkin3o@columbia.edu,hEbblWxL,admin
Colet,Blaszczynski,rblaszczynski3p@blogger.com,2MTE0wFm,admin
Eziechiele,Lunn,tlunn3q@dailymotion.com,3boFdi,admin
Georgeta,Groombridge,pgroombridge3r@va.gov,v0nMNwfHYLUz,admin
Nan,Lain,jlain3s@columbia.edu,qiXsbNO3,admin
Joell,MacMychem,bmacmychem3t@mediafire.com,IipxmiK6Z11,admin
Selle,Jarrett,ijarrett3u@aboutads.info,xfLpGNiv,admin
Devonne,Haycock,whaycock3v@slashdot.org,3XeDhTLu7,admin
Timotheus,Ertel,lertel3w@techcrunch.com,4ndE89,admin
Johan,Descroix,gdescroix3x@1688.com,PwHNSueud,admin
Gray,Bignold,cbignold3y@shareasale.com,2MYO7K,admin
Danya,De Laci,cdelaci3z@zdnet.com,eOaOSDEFf82,admin
Gabbey,Di Napoli,idinapoli40@sakura.ne.jp,ZwJMva6O,admin
Sydelle,O'Halligan,kohalligan41@smugmug.com,SftIOjh,admin
Rivkah,Bjerkan,lbjerkan42@berkeley.edu,bhHphj,admin
Alfie,Atterley,latterley43@geocities.jp,d4a6eMKnJkn,admin
Nanny,Karczinski,fkarczinski44@baidu.com,11xD7XDSarfr,admin
Sula,Bree,cbree45@gnu.org,6kn1qI,admin
Merv,Riddiford,ariddiford46@themeforest.net,n6yKm6vDbHp,admin
Miof mela,Champain,hchampain47@cornell.edu,PuoNrMiUCBJ,admin
Arlyn,Buttner,tbuttner48@odnoklassniki.ru,NBTmDxj,admin
Chicky,Ahren,dahren49@sbwire.com,k8bW98Zg,admin
Cchaddie,DelaField,edelafield4a@studiopress.com,fqHgCTy0Icdj,admin
Maire,Langthorn,klangthorn4b@mozilla.org,1j6FbGM6bmc,admin
Sibylle,Ivanshintsev,livanshintsev4c@infoseek.co.jp,ByagpLV2pQ2J,admin
Garrek,Magog,hmagog4d@msu.edu,MeBLQ7IINOw,admin
Lewie,Valentine,nvalentine4e@indiegogo.com,n31jxnddPL0,admin
Sly,Bridson,hbridson4f@prlog.org,I5twjC,admin
Simone,Speachley,aspeachley4g@cpanel.net,R4wsFCqZu,admin
Chelsey,Liccardo,gliccardo4h@freewebs.com,kpJLDajU5,admin
Aili,Agdahl,cagdahl4i@yandex.ru,hEGesCiSyBcG,admin
Aida,Kelinge,tkelinge4j@dropbox.com,PAFNtAFn8xkM,admin
Beverley,Witheridge,dwitheridge4k@myspace.com,ybfckb5yP,admin
Avie,Ilchenko,rilchenko4l@feedburner.com,kzvxxd,admin
Colette,Simonsson,gsimonsson4m@furl.net,TcJLZSWEb4,admin
Northrup,Harwick,fharwick4n@eventbrite.com,xoaQYxLlbcvG,admin
Doy,Livezey,hlivezey4o@bloglovin.com,p6FEUZtAs,admin
Hadria,Devonport,vdevonport4p@irs.gov,vgIxLyPV5tZm,admin
Magda,Washbrook,rwashbrook4q@nhs.uk,W7Qt8s3l,admin
Ross,Kleinberer,gkleinberer4r@constantcontact.com,FPwWS9ZtMd,admin
Lulu,Syne,ssyne4s@netvibes.com,lCzgxeeibXDq,admin
Zonnya,Chaundy,bchaundy4t@abc.net.au,DSosMiu3xsf,admin
Evangelia,Aggus,gaggus4u@unc.edu,uMZ0GQVtbdXx,admin
Berty,Laurenson,alaurenson4v@hexun.com,dG8CuWYvX3L,admin
Linnea,Tackle,ltackle4w@blogger.com,OLAN6D8aJ,admin
Gina,Adlard,badlard4x@dagondesign.com,FVfIRUNFqp,admin
Caryn,Stockin,jstockin4y@aboutads.info,Fgeb53ilJE,admin
Alley,Siaspinski,csiaspinski4z@prnewswire.com,07XfVStSi4VD,admin
Lorenzo,Klee,rklee50@furl.net,4CsJtw,admin
Lynnette,Farrah,gfarrah51@google.com,cghvUJn5v,admin
Toby,Haws,bhaws52@ibm.com,c2ZvmEOd,admin
Arlan,Langstone,alangstone53@google.com.au,LAvNc5RE,admin
Agustin,Moult,bmoult54@elpais.com,gwkydWf82,admin
Gwenore,Maffioni,lmaffioni55@nps.gov,fTXgqJ,admin
Ronna,Brindley,kbrindley56@xinhuanet.com,HMOkl2Ok,admin
Reinaldos,Buckby,ebuckby57@cdc.gov,dBEiz6g6qx53,admin
Tamar,Squibbs,ksquibbs58@aol.com,uocEsviaYoPI,admin
Thaxter,Jeckell,gjeckell59@cafepress.com,UnAP0Z,admin
Jonell,Cristoferi,ccristoferi5a@4shared.com,G7P2PkBpi,admin
Hally,Rymell,mrymell5b@lulu.com,ohqSX2,admin
Catie,Leftly,wleftly5c@paypal.com,UCWh5FSmJbw,admin
Corina,O'Looney,oolooney5d@symantec.com,O0Sowflr,admin
Shelden,Koppke,skoppke5e@sourceforge.net,aAqAvkiZck6,admin
Jewelle,Ramsell,rramsell5f@census.gov,P9W3Tm6O,admin
Koren,Zealander,azealander5g@digg.com,fjy3gjP3,admin
Kennith,Jezzard,sjezzard5h@jalbum.net,ziohMFw,admin
Hilliard,Daine,wdaine5i@artisteer.com,mc2DahDBwWn,admin
Fidelio,Halley,phalley5j@furl.net,jVYmPLIabRPv,admin
Jamie,Thorold,gthorold5k@twitpic.com,F5gzga,admin
Illa,Lequeux,clequeux5l@naver.com,GGjl8ON4,admin
Conny,Tortis,ttortis5m@narod.ru,coOnroE,admin
Joe,Treeby,vtreeby5n@freewebs.com,PbqpjK344B,admin
Doroteya,Applewhaite,japplewhaite5o@disqus.com,6dvzz9DuF1,admin
Padraig,Spinley,sspinley5p@google.nl,01ISo5mkes1,admin
Alexandrina,Hildrew,ehildrew5q@irs.gov,EV7wUYHUc,admin
Galven,Swales,sswales5r@freewebs.com,rarZxi1fylEi,admin
Daisie,Snelman,bsnelman5s@nbcnews.com,BzLHvzX,admin
Paulo,Mortel,gmortel5t@constantcontact.com,EhUnzo1Yrrx,admin
Layton,Kalisz,ykalisz5u@nydailynews.com,pvUCmGju,admin
Mikey,Lavigne,dlavigne5v@hexun.com,pkhLpS0dMpN,admin
Lowell,Purslow,fpurslow5w@gnu.org,RDVMmkj,admin
Vasilis,Hatterslay,mhatterslay5x@google.nl,GPU5sodjpfF,admin
Todd,Perrett,lperrett5y@dropbox.com,zFgyl6X2kjI,admin
Jillana,Neave,bneave5z@mapy.cz,AalPmLm,admin
Miran,Vest,dvest60@wikimedia.org,FYwTBXfvz,admin
Skipp,Delaprelle,ndelaprelle61@addthis.com,RhK1M0,admin
Vernon,Whitlaw,cwhitlaw62@moonfruit.com,PZkfFhNwO6Ya,admin
Matias,Spirit,nspirit63@cornell.edu,2RyfSxNo,admin
Euell,Colquhoun,tcolquhoun64@deviantart.com,Z4zIRwGhFzZ,admin
Casi,Inglish,minglish65@vimeo.com,4bT6FZ,admin
Angelo,Shearme,gshearme66@redcross.org,dtuzF4,admin
Catina,Malshinger,pmalshinger67@flickr.com,XKG2OkXsrN,admin
Micheline,Ashpole,lashpole68@ning.com,b8kbCA7xWXsS,admin
Misti,O'Gorman,rogorman69@webnode.com,upREj7Yt,admin
Ibbie,McGaughay,mmcgaughay6a@cloudflare.com,HKlP4aDCVV,admin
Gunter,Greser,sgreser6b@un.org,tEzXA7mTu7,admin
Brynne,Stuehmeier,nstuehmeier6c@cnet.com,6vGSyX,admin
Ruggiero,Baudy,gbaudy6d@is.gd,uuZteJi,admin
Margery,Mac,bmac6e@tumblr.com,I1mrITb,admin
Odille,Wethered,hwethered6f@cnet.com,R9fDHTyPacuM,admin
Stacia,Glassborow,gglassborow6g@example.com,LLUtEpbCLg,admin
Osborn,Issacof,missacof6h@ocn.ne.jp,wanXouG,admin
Keriann,Hymus,mhymus6i@nba.com,SYBK5TGXqb,admin
Frazer,Wyllcock,uwyllcock6j@ocn.ne.jp,w94RoOqxv5BC,admin
Barclay,Kidson,nkidson6k@desdev.cn,i1CHK0dvC,admin
Georg,Ferries,mferries6l@hhs.gov,5sI3dwbV,admin
Halli,Hebden,chebden6m@ucoz.ru,bJv7syngog,admin
Konstance,Duplock,dduplock6n@ted.com,oz6kC9Ark,admin
Brandi,Cuddehay,ecuddehay6o@edublogs.org,Sgu9mWZ0,admin
Dominica,Doman,ldoman6p@google.es,EAufZaY,admin
May,Popham,cpopham6q@people.com.cn,h8s3PBYhWdgb,admin
Maria,Bertomier,cbertomier6r@dagondesign.com,4Gi0JvDWeXC,admin
Wake,Frisby,mfrisby6s@marriott.com,M4EeOVs,admin
Erich,Labram,glabram6t@umn.edu,7mWVbTiG,admin
Konstanze,Farriar,bfarriar6u@51.la,CVdfaoRqbpZc,admin
Cariotta,Stockey,kstockey6v@scribd.com,VlbavzgcFm8,admin
Ernst,Fausch,cfausch6w@google.fr,FvzxaotP,admin
Taddeusz,Pegden,rpegden6x@stanford.edu,UiAPlEz,admin
Malorie,Scrivener,pscrivener6y@csmonitor.com,9Fw0O4kCBVb,admin
Keeley,Simnor,esimnor6z@geocities.jp,2NaDWs,admin
Regina,Kencott,ckencott70@privacy.gov.au,CHw9K4UvD8gw,admin
Robert,Taile,ntaile71@washington.edu,R67yGrDPSdZ,admin
Nicolis,Ivett,givett72@blinklist.com,3FRsxQ8yp,admin
Fowler,Burgyn,dburgyn73@prnewswire.com,7OyVOyRctV,admin
Maurits,Shaves,kshaves74@google.com,900oOQD45Kiq,admin
Elvyn,Madgett,smadgett75@ameblo.jp,VJBtWR,admin
Elwood,Moehler,vmoehler76@phpbb.com,2TIlFH2icu,admin
Waiter,McGrale,imcgrale77@businesswire.com,ePgcj3,admin
Nicky,Andrzejak,candrzejak78@amazon.co.jp,A8qE78OmW5z9,admin
Gaston,Fidian,kfidian79@cnet.com,jpu2Jq3y2BW,admin
Dasi,Stobo,pstobo7a@is.gd,RBRaDbu,admin
Saul,Willimont,fwillimont7b@yahoo.com,fEbjB5Wb5B5,admin
Devin,Mogie,emogie7c@ezinearticles.com,KJBjis,admin
Jasmine,Dobbins,adobbins7d@globo.com,1sqoVb,admin
Lutero,Blanking,rblanking7e@domainmarket.com,YJtOu524tM,admin
Erich,Warlow,kwarlow7f@va.gov,y89MkI,admin
Stephanus,Kempstone,akempstone7g@goodreads.com,gQk2RwnLu,admin
Korey,Curd,rcurd7h@yolasite.com,81v1ea,admin
Mayne,Michelin,fmichelin7i@dell.com,80n6sAqdrU,admin
Lonny,Sibyllina,psibyllina7j@ustream.tv,mtDEAKujZ,admin
Wallache,Pottiphar,tpottiphar7k@gnu.org,Wx5HCWtJ5JWU,admin
Geno,Nottle,snottle7l@ucoz.com,lL3pM6,admin
Mervin,Ellice,kellice7m@wix.com,1MieBwJc6j,admin
Deeyn,Churches,cchurches7n@ocn.ne.jp,CgDJVo0w9Ebw,admin
Othella,Middlemass,amiddlemass7o@aol.com,evIfPRU,admin
Georges,Bowcock,fbowcock7p@purevolume.com,BvOz3Ublf1,admin
Twila,Lilford,klilford7q@amazon.co.uk,Oe5Yon725WU,admin
Gayler,Wilkinson,lwilkinson7r@abc.net.au,RCvKj6ElTB,admin
Josephine,Porch,gporch7s@blogspot.com,92ETZX8N7,admin
Wells,Gummow,jgummow7t@pen.io,4f5u6wU8Jh,admin
Dorian,Woollhead,swoollhead7u@google.it,1MCma6q,admin
Leonerd,Lissimore,wlissimore7v@netscape.com,dD4eES,admin
Retha,Trehearn,ptrehearn7w@illinois.edu,dADn6D,admin
Teodorico,Paladini,gpaladini7x@google.cn,L8Vf2ehk,admin
Daryl,Yallowley,ryallowley7y@slashdot.org,fQmthluE,admin
Daven,Liccardi,mliccardi7z@about.me,XEp6fR,admin
Ashley,Kochel,mkochel80@macromedia.com,D0YTqOzri8Q,admin
Granville,Stockhill,xstockhill81@soup.io,vO57gr4JB,admin
Rodolphe,MacFarland,zmacfarland82@icq.com,Pn1cJdB2G3,admin
Merrile,Stonner,cstonner83@ebay.com,Ps9qnCST9a,admin
Mercedes,Simonato,ssimonato84@foxnews.com,XbaYQZYEb4c,admin
Rosalie,Bercevelo,gbercevelo85@cargocollective.com,XpHOGDtV,admin
Kellia,Shitliffe,jshitliffe86@theguardian.com,zt1rLpC8,admin
Heda,Garnar,pgarnar87@tripod.com,aoGK3o8ytyFW,admin
Lyman,Sauvage,gsauvage88@tripadvisor.com,2Yf5UQtiE6jF,admin
Melinde,Wybron,dwybron89@meetup.com,mWTjyKVR,admin
Anna-maria,Lewzey,ulewzey8a@hhs.gov,t8PPxnx5QQ,admin
Meredithe,McLaughlan,amclaughlan8b@ow.ly,LWCK2pL,admin
Philbert,Medlar,fmedlar8c@booking.com,MzsWx3bb,admin
Enid,Beebe,tbeebe8d@123-reg.co.uk,EfbeAoQTJ,admin
Reg,Manvelle,jmanvelle8e@huffingtonpost.com,1csAna,admin
Elisabeth,Westfield,vwestfield8f@flickr.com,ouMK75JZIEW,admin
Wandis,Solesbury,tsolesbury8g@meetup.com,5QxFVkvS,admin
Donny,Thrustle,mthrustle8h@tripadvisor.com,qctPzNemNtKO,admin
Babbie,Lattos,wlattos8i@tinyurl.com,uZcoOtqkpk,admin
Cull,Heddon,lheddon8j@japanpost.jp,1xjn7PP,admin
Conrado,Ponter,lponter8k@businessweek.com,cIdYnRT4ko,admin
Colver,Portman,gportman8l@state.gov,96kBfG,admin
Zeke,Minster,cminster8m@intel.com,xY0QGJEt,admin
Bobine,Rittmeier,erittmeier8n@usgs.gov,8l0PYNQ,admin
Kalina,Haddacks,nhaddacks8o@vinaora.com,HeghLW2,admin
Jacintha,Dashper,bdashper8p@t-online.de,YZTBCCFwND,admin
Hadrian,Heaker,wheaker8q@ucla.edu,otTOttt5Uclk,admin
Eric,Cosson,ecosson8r@usda.gov,Q6cui4gY,admin
Amii,Rackley,hrackley8s@topsy.com,rSBJdSriQb,admin
Elka,Frank,wfrank8t@soup.io,uxxLXtol,admin
Roshelle,Heifer,wheifer8u@yahoo.co.jp,UjwWVxocn,admin
Bealle,Gianasi,mgianasi8v@usgs.gov,mYFgKBVv,admin
Brita,Rowntree,crowntree8w@hatena.ne.jp,YBx4JBM,admin
Eric,Gomme,cgomme8x@apache.org,56NxDJmh,admin
Silvio,Syrad,rsyrad8y@guardian.co.uk,wKT5aoetkVz,admin
Norry,Jeacock,bjeacock8z@wix.com,7dN9Gei,admin
Cyril,Legge,klegge90@vkontakte.ru,sTlF6C0z,admin
Haslett,Roddy,droddy91@gizmodo.com,0kXdY7oHRj,admin
Sheryl,D'Antonio,kdantonio92@arizona.edu,TalQN8yUiFu8,admin
Ricca,Gandy,mgandy93@usda.gov,RWXTMWgUb,admin
Gretta,Grassin,rgrassin94@geocities.com,Wx0IzTx9,admin
Mufinella,Banbridge,gbanbridge95@smh.com.au,aoty4xuH94,admin
Franciska,Louys,hlouys96@bizjournals.com,PzDr5fdLD,admin
Shelden,Coning,fconing97@nifty.com,cXpEfpFp,admin
Jenna,Delucia,ndelucia98@sina.com.cn,QDuppwSlgKWo,admin
Gale,Donkersley,sdonkersley99@ning.com,8VcHHm23pVhI,admin
Clyve,Rushman,arushman9a@vkontakte.ru,uDq4pDh,admin
Brooks,Sackey,msackey9b@admin.ch,QoSNE0mXhBq,admin
Karoline,Dolton,hdolton9c@tripod.com,2oUX2TsWM5xa,admin
Asia,Rickeard,prickeard9d@shareasale.com,kv3xi1nS,admin
Elbert,Green,ogreen9e@a8.net,uyLqD3QKnZN,admin
Brooks,Duetschens,dduetschens9f@whitehouse.gov,dyTKWC3,admin
Arleen,Corse,ocorse9g@storify.com,GnSo6PjLi,admin
Melisenda,Dance,rdance9h@delicious.com,Pt8mElD5qx,admin
Verne,Lettice,clettice9i@dot.gov,f10zPflIwYc,admin
Sasha,Hallock,lhallock9j@hibu.com,kJdqD0cU,admin
Rena,Butter,bbutter9k@mapy.cz,ff8hdSw7c87,admin
Rikki,Deamer,edeamer9l@icio.us,DerHntutVoK,admin
Guinevere,Van Der Straaten,lvanderstraaten9m@imgur.com,SsTewXdPSEI,admin
Wright,Rowbotham,erowbotham9n@independent.co.uk,spVzzD1E,admin
Kimmi,Meneghelli,rmeneghelli9o@vinaora.com,BxDX09mRfuZ,admin
Berrie,Abrami,mabrami9p@amazonaws.com,FwR77uF,admin
Maighdiln,Pottage,fpottage9q@epa.gov,4dTvS3nS,admin
Filippo,Machin,cmachin9r@usnews.com,eY88mnFn3Dj,admin
Puff,Cowhig,wcowhig9s@xinhuanet.com,qaLtv9O,admin
Geoffrey,Finey,pfiney9t@slate.com,foWkvAqFglx,admin
Saraann,Peirce,mpeirce9u@vistaprint.com,BCHmhKiAo3,admin
Vitoria,Jurges,gjurges9v@cafepress.com,Fi72pEm,admin
Audre,Yansons,hyansons9w@nhs.uk,lr4pIEkvDeP,admin
Garold,Beddingham,jbeddingham9x@paginegialle.it,5SWvkiNnOZPL,admin
Kirby,Gauvin,ygauvin9y@addthis.com,mjTPZO2pN,admin
Casper,Gallegos,lgallegos9z@redcross.org,ioBDXyL094zh,admin
Garland,Iamittii,aiamittiia0@nbcnews.com,CvZJjbDbktFs,admin
Bendite,Ronisch,dronischa1@cocolog-nifty.com,yNE61yVRCh,admin
Anita,Vuittet,hvuitteta2@vkontakte.ru,7k3swUby3v,admin
Ronna,Barnfield,tbarnfielda3@is.gd,6ge5sSSp,admin
Free,Naisbit,jnaisbita4@posterous.com,akrHUXnZ5M,admin
Barby,de Courcy,ddecourcya5@huffingtonpost.com,J6RMgNEEHmbN,admin
Daveen,Hackney,bhackneya6@discovery.com,kHZAg1fGCLw,admin
Donnie,Pallin,npallina7@sbwire.com,ULThmVrXkj,admin
Fredia,Espadero,kespaderoa8@accuweather.com,oFBUWuqggN,admin
Kylen,Pisco,jpiscoa9@cnet.com,pjiWqfz,admin
Sacha,Morford,tmorfordaa@fc2.com,X7IRsP4m,admin
Brennen,Snelman,nsnelmanab@home.pl,2lZWmK,admin
Kameko,Windrass,awindrassac@istockphoto.com,K43GrfdmU,admin
Darby,Kaspar,ikasparad@thetimes.co.uk,m7lqxcf8qCw,admin
Abbe,Pughe,jpugheae@elegantthemes.com,kV8Mq9,admin
Marie-jeanne,Skillicorn,tskillicornaf@businesswire.com,A7qmo7uyERIr,admin
Rutledge,Josselson,sjosselsonag@wp.com,U9nz7FCBanMe,admin
Martina,Tindall,mtindallah@tiny.cc,GmCanoRt,admin
Godiva,Gudyer,mgudyerai@disqus.com,YdQZ5S,admin
Pietra,Ingreda,bingredaaj@amazon.com,vqfkkMjykU,admin
Kimmi,Kubik,gkubikak@indiatimes.com,IdxAo53fcV0N,admin
Layney,Viccary,kviccaryal@state.tx.us,9vfJ7mm3a,admin
Kev,Keddle,kkeddleam@goo.ne.jp,YT85tQPnLN,admin
Meris,Salthouse,msalthousean@addthis.com,ZVfdQPFd,admin
Emelda,McCuaig,rmccuaigao@prweb.com,1DKEfnTZRxZg,admin
Hunt,Howells,rhowellsap@prweb.com,K5zr3G,admin
Clary,Catonnet,rcatonnetaq@rediff.com,JPK8fwJu,admin
Case,Filyukov,dfilyukovar@ted.com,WqiQ1KcL,admin
Elia,Gavozzi,mgavozzias@thetimes.co.uk,ff8PmXt,admin
Westley,Huortic,ohuorticat@fema.gov,a6nhdlFY4qB,admin
Serene,Dightham,bdighthamau@gmpg.org,GVP2kqVg441,admin
Ardith,Newcom,anewcomav@umich.edu,FJgPQl,admin
Ajay,Guslon,tguslonaw@networksolutions.com,6fSYyU,admin
Cordy,Winkworth,awinkworthax@wix.com,kTAAlE,admin
Wrennie,MacCrosson,wmaccrossonay@pinterest.com,CzeA3y8eXy,admin
Rubin,Fordham,cfordhamaz@theguardian.com,di9lYtVL5,admin
Wilmer,Bolgar,kbolgarb0@webs.com,lMLw9uS,admin
Mordy,Lambertini,dlambertinib1@senate.gov,EGNNFkV,admin
Carolyn,Bigmore,rbigmoreb2@forbes.com,bxo86MLf4DKU,admin
Ilyssa,Toon,ttoonb3@hostgator.com,Q4qcZE8l,admin
Corri,Coltart,ecoltartb4@bizjournals.com,cwFNO2VhkDZb,admin
Dino,Tretter,btretterb5@skyrock.com,9kqfPTqXwdnP,admin
Odie,Corkish,kcorkishb6@narod.ru,IOftSAfm,admin
Cristine,Scahill,hscahillb7@mozilla.org,KZHtlQOy,admin
Moira,Bezants,sbezantsb8@topsy.com,lx1Lmfr,admin
Berrie,Maffioni,cmaffionib9@spotify.com,uS0QoMnmrhh,admin
Gallagher,Filer,mfilerba@yahoo.co.jp,DMdaJDUQSeHv,admin
Candide,Gilphillan,ngilphillanbb@nih.gov,wnCcHdwY4wk0,admin
Kristoffer,Wynrehame,rwynrehamebc@mysql.com,1SouMwU,admin
Hillyer,McEntegart,nmcentegartbd@si.edu,6wmves9,admin
Brewer,Mayworth,mmayworthbe@live.com,Frs17q,admin
Nicolis,Pilmore,lpilmorebf@cornell.edu,SBxthYZ,admin
Debbie,Bruniges,vbrunigesbg@elpais.com,jkQ96LeW3z4,admin
Myrwyn,Stables,kstablesbh@engadget.com,HHMW4CA,admin
Dara,Sample,wsamplebi@globo.com,3qRGWzzcIy,admin
Michelina,Hinksen,thinksenbj@cpanel.net,UK5MLHr0R,admin
Sandor,Devons,ddevonsbk@joomla.org,GnVU3C,admin
Alejoa,Bartoszek,mbartoszekbl@globo.com,rerYvFBCGJJo,admin
Lennard,Ochiltree,lochiltreebm@shinystat.com,y4VpS2,admin
Cariotta,Bezarra,hbezarrabn@lulu.com,Ctxh9gw6ePqn,admin
Woodman,Walliker,twallikerbo@mtv.com,K1b2UxnS,admin
Wilie,Ringrose,lringrosebp@nps.gov,goWvwkRO98H3,admin
Jamey,De Bernardis,sdebernardisbq@jigsy.com,Z2FbZGS,admin
Prince,Haker,ahakerbr@mayoclinic.com,4xfmp1E6M,admin
Sampson,O'Callaghan,tocallaghanbs@360.cn,22ftMkCBn,admin
Nicky,Rasell,rrasellbt@canalblog.com,h8MKKi,admin
Warner,Meddick,cmeddickbu@gmpg.org,xO3E0o,admin
Faulkner,Dechelle,jdechellebv@home.pl,x7JiOyXv,admin
Bethina,Bentsen,tbentsenbw@nifty.com,6ylfSCyu8,admin
Mathew,Giannassi,ngiannassibx@ucsd.edu,hvjCs6hu,admin
Neilla,Marquis,wmarquisby@aboutads.info,H9BHDB,admin
Thorny,Chin,dchinbz@privacy.gov.au,xJftr1OwB,admin
Clara,Westman,ewestmanc0@unesco.org,FsMkxP,admin
Catherina,Sibyllina,ssibyllinac1@creativecommons.org,IPmKdho4aHD,admin
Dionisio,Blemen,wblemenc2@house.gov,6NkNrdh,admin
Dot,Prendergrass,pprendergrassc3@irs.gov,czXCq3UI,admin
Melvyn,Keasley,vkeasleyc4@wufoo.com,8q0g275,admin
Curt,Whorlton,fwhorltonc5@amazon.co.uk,9pjlW40L,admin
Inger,Abella,aabellac6@cpanel.net,1pvE9Ya,admin
Rollie,Thewys,dthewysc7@wikia.com,RYxgOQymU,admin
Shea,Estcourt,cestcourtc8@technorati.com,HOFS0c,admin
Beck,Bagniuk,fbagniukc9@webeden.co.uk,xvI8LA,admin
Anthea,Ismay,kismayca@va.gov,FEj1nSeg,admin
Grover,Santhouse,rsanthousecb@pbs.org,hAbZHT46D,admin
Aili,Hairesnape,mhairesnapecc@cdc.gov,WzgVzm,admin
Michell,Millier,kmilliercd@youku.com,XaHN50Uu0,admin
Kit,Mein,nmeince@google.cn,2fQP7s,admin
Libbey,MacQueen,nmacqueencf@themeforest.net,838mFrVe,admin
Lynn,Harewood,aharewoodcg@telegraph.co.uk,bS4ugwDg3wf0,admin
Ferdy,Corpe,scorpech@howstuffworks.com,C1m7RYF,admin
Davin,Knappen,eknappenci@skype.com,XaHv7U,admin
Samara,Charlson,bcharlsoncj@howstuffworks.com,T5lygsKnKH6,admin
Christophorus,Gomersall,vgomersallck@who.int,MIlaWxqj,admin
Averill,Riedel,eriedelcl@privacy.gov.au,gxoLAims0,admin
Pierre,Haydney,ahaydneycm@icio.us,yL2Wp7PfE0h,admin
Leila,Kinnane,rkinnanecn@about.com,p48OPiA,admin
Jose,Hedworth,dhedworthco@surveymonkey.com,jp0YaeK72X5,admin
Hildegarde,Petroulis,dpetrouliscp@instagram.com,c7PVpO3ohs,admin
Celina,Aleksandrov,naleksandrovcq@typepad.com,HtcyHYISBG,admin
Wolfie,Mackney,mmackneycr@cnet.com,Z6CRfF5HjGYS,admin
Paolo,Bifield,cbifieldcs@youtu.be,iblMyAN,admin
Jammal,Portail,aportailct@indiegogo.com,USS4m6chQ4e,admin
Trstram,Andrejevic,handrejeviccu@booking.com,Y2urEJ8,admin
Kat,Peinton,gpeintoncv@about.com,zA8hlkmOuXl,admin
Liv,Scole,sscolecw@domainmarket.com,of96YrPcEeIT,admin
Keelby,Sprey,rspreycx@hatena.ne.jp,1xbawZa,admin
Gisele,Imesson,rimessoncy@go.com,6vscVM5j5XnD,admin
Cliff,Gurnay,kgurnaycz@woothemes.com,2SCDad7UvtEt,admin
Allyson,Barthod,kbarthodd0@techcrunch.com,yNP3U0ZnR,admin
Carina,Hemphrey,mhemphreyd1@mashable.com,rZUBOujJmXi,admin
Carmine,Itzcak,titzcakd2@arstechnica.com,JmLGhwDcH9,admin
Carling,Assender,oassenderd3@indiatimes.com,3yymxI54,admin
Lonnard,Hanratty,ahanrattyd4@opensource.org,QvrrSiJu1,admin
Jolie,Gaine,lgained5@eepurl.com,R9lp1pu1q,admin
Sophi,Kauscher,tkauscherd6@liveinternet.ru,yKcUCcp4,admin
Dunn,Skeggs,sskeggsd7@hp.com,wP3stSSTn,admin
Ignace,Pitkeathley,jpitkeathleyd8@nba.com,aWlUxo59Ke6,admin
Keir,Darrington,bdarringtond9@macromedia.com,5at68H,admin
Mitchel,Walentynowicz,cwalentynowiczda@diigo.com,L227JtyZcRgp,admin
Dael,Prinett,aprinettdb@weibo.com,jRtjSx4wl,admin
Laurianne,Bunston,mbunstondc@webnode.com,4AqzUa,admin
Nikki,Gauvin,jgauvindd@usnews.com,phRVrv,admin
Sonia,McMonies,nmcmoniesde@utexas.edu,UQSmLs,admin
Bay,Stoyle,hstoyledf@comsenz.com,GHtn0KJzoN,admin
Chandler,Shillitto,ashillittodg@spotify.com,dREpU6UZwKW6,admin
Brantley,Bedson,kbedsondh@nymag.com,JoVOWaCmz,admin
Jenilee,Bayly,obaylydi@tinypic.com,RbxR8zKs62Gj,admin
Agnese,Dunderdale,sdunderdaledj@linkedin.com,Srdawqnyr2g,admin
Alisun,Espinosa,cespinosadk@163.com,bSuIi36,admin
Emogene,Gyngell,rgyngelldl@de.vu,4S2xuJy,admin
Danni,Challenor,hchallenordm@freewebs.com,6qMcCGT,admin
Emmett,Codd,pcodddn@statcounter.com,VtsUWjF,admin
Stevy,Cuel,rcueldo@devhub.com,zLWMWUjofv,admin
June,Collis,rcollisdp@alexa.com,9vckFqa9,admin
Simone,Tort,ctortdq@census.gov,LMoYCGvGp,admin
Giacinta,Broomhead,kbroomheaddr@usnews.com,uONjUbv4OM8J,admin
Zed,Hans,jhansds@hibu.com,zmvdXaIBij6z,admin
Shurwood,Jeschner,ajeschnerdt@delicious.com,XYnUmcct,admin
Dav,Buche,lbuchedu@princeton.edu,Xq7Q9LhC7l,admin
Elladine,Bitchener,dbitchenerdv@usatoday.com,hAmnv35A,admin
Arthur,Saltrese,hsaltresedw@devhub.com,eHBtF5i4LQM,admin
Whitaker,Goodram,kgoodramdx@comsenz.com,BagICLj1l5,admin
Bree,Duns,adunsdy@printfriendly.com,fdTn8gsL,admin
Margalo,Geaney,ggeaneydz@imageshack.us,0xAPCk,admin
Paxton,Cogswell,gcogswelle0@telegraph.co.uk,tWZLHb1GkQ,admin
Lauretta,Hails,ghailse1@mtv.com,yxJWcNAw1,admin
Valina,Kulas,rkulase2@hhs.gov,penFOkGhwQz,admin
Rod,Antonomolii,iantonomoliie3@ihg.com,XFHxz1DHP,admin
Hersch,Bondar,cbondare4@microsoft.com,E6fTRK,admin
Malorie,Gummow,jgummowe5@google.it,JKScldIF5i,admin
Nerte,Grinaugh,tgrinaughe6@delicious.com,TDKvNWHV,admin
Junia,Quesne,squesnee7@creativecommons.org,k8pYdZoysGf,admin
Delinda,Malenoir,smalenoire8@unc.edu,s039280ynxD,admin
Mitchell,Bruffell,ebruffelle9@indiegogo.com,L0gm7F4RRP,admin
Damiano,July,ijulyea@wisc.edu,GeOgzYyf,admin
Maryrose,Hankey,jhankeyeb@yelp.com,D2GNI1eZcZ,admin
Dom,Mityushin,nmityushinec@wunderground.com,T3bcLRkvQz3,admin
Abramo,Foulks,yfoulksed@imgur.com,UULBgWWvY,admin
Iorgos,Hurler,hhurleree@oracle.com,gKR78L8zJf,admin
Lilyan,Travis,ctravisef@merriam-webster.com,uahHO6FNs,admin
Dewain,Bridgland,ebridglandeg@odnoklassniki.ru,9q8HE93UlV,admin
Kurtis,Ciciotti,nciciottieh@xinhuanet.com,ybpMhSlg,admin
Justen,Wasbey,swasbeyei@technorati.com,XTZ30E2Z,admin
Reynard,Reek,rreekej@dell.com,WWyIPiX2v,admin
Glennie,Starzaker,cstarzakerek@geocities.jp,AqHXiIs0nqAm,admin
Godwin,Thornthwaite,othornthwaiteel@drupal.org,H7Kcq2,admin
Layton,Brazil,sbrazilem@rambler.ru,PNxMLFv4,admin
Kahlil,de Castelain,kdecastelainen@ehow.com,nPqmQG1ZbfK4,admin
Iosep,Dietmar,vdietmareo@imgur.com,n3j9BhtIBZm,admin
Prent,Kyneton,jkynetonep@soup.io,wzPOf8I,admin
Esdras,Blant,eblanteq@admin.ch,PPhNcXtwf,admin
Cirilo,Bowmaker,sbowmakerer@examiner.com,5THhJfzKo32,admin
Marline,Havick,mhavickes@baidu.com,Td0Zoc,admin
Zena,Sibthorp,csibthorpet@slideshare.net,mcgiuc14,admin
Darice,Gipp,fgippeu@macromedia.com,9DYNmEfI,admin
Milty,Cafferty,dcaffertyev@nasa.gov,lg7DAoHb,admin
Phylis,Neller,tnellerew@plala.or.jp,9o386OcfUY9n,admin
Rafael,Fowlie,afowlieex@is.gd,fw1aUKwT7YZH,admin
Josephina,Free,ffreeey@theguardian.com,B70nN7p84J8,admin
Elonore,Oliveto,nolivetoez@si.edu,rwyj5hr1qNsr,admin
Ashlen,Double,edoublef0@acquirethisname.com,yB2FR4er,admin
Alisun,Swyer-Sexey,bswyersexeyf1@apache.org,Ca5rgvY86,admin
Willamina,Edmott,gedmottf2@1und1.de,K3xJfSohsgm,admin
Sylvan,Basezzi,rbasezzif3@jiathis.com,03wu2ifBuvs5,admin
Coop,De Hailes,vdehailesf4@omniture.com,MkoiCnz5Z,admin
Almeria,Juza,tjuzaf5@wp.com,9LF0TPP,admin
Merrilee,Cassar,bcassarf6@jalbum.net,K6fV9buKOaI,admin
Joby,Furzer,lfurzerf7@ameblo.jp,zlJWirzQ391,admin
Byrle,Saunier,rsaunierf8@jugem.jp,bwBPMk,admin
Teddy,Sissons,asissonsf9@51.la,QJVhUsWV,admin
Winne,Swain,lswainfa@ibm.com,kj1ElwB,admin
Stephie,Donnel,sdonnelfb@skype.com,c3RMf2Ygo5,admin
Spike,Melloy,lmelloyfc@businessweek.com,njzR9Y,admin
Berkie,Bouch,wbouchfd@auda.org.au,Gu50Qxjq1wJ4,admin
Teressa,Nayer,vnayerfe@zimbio.com,kVH1Ssa4EG,admin
Kyle,Hunnicutt,shunnicuttff@europa.eu,NDldekOIWAH2,admin
Byrom,Agastina,kagastinafg@woothemes.com,rY8Lkj,admin
Mohammed,Pelham,mpelhamfh@devhub.com,jY4OrwKd6JF,admin
Carlynne,Doyle,mdoylefi@prweb.com,SdDWwRs,admin
Herve,Bendel,ebendelfj@ovh.net,NUwAmRp,admin
Abraham,Jacobsz,kjacobszfk@arstechnica.com,IoRiLJn6B1EH,admin
Florance,Charge,rchargefl@imdb.com,oRiDvbP8o,admin
Marina,Algeo,malgeofm@smh.com.au,cKPbl0yI4PAv,admin
Charlot,Bapty,abaptyfn@foxnews.com,K5IA3U4HcZe,admin
Barb,Gilson,jgilsonfo@google.co.jp,RFXlHP,admin
Flss,Prinett,rprinettfp@dyndns.org,WtmZEXE,admin
Iolanthe,Goby,cgobyfq@twitpic.com,VPvu26,admin
Helene,Pablos,kpablosfr@flickr.com,dEFMsjxt,admin
Lynelle,Razoux,brazouxfs@ucoz.com,bv1LZrGUA,admin
Harlin,Schukraft,sschukraftft@zimbio.com,0JZNva2ChXME,admin
Tara,Whitelaw,jwhitelawfu@shinystat.com,gL4BA4Zt,admin
Valry,Sowthcote,fsowthcotefv@amazon.de,OTHyeVpO,admin
Fidelio,Grossman,igrossmanfw@technorati.com,a3JTEsCY,admin
Dorice,Ohms,aohmsfx@cnet.com,8sWT3mA,admin
Carissa,De Angelis,sdeangelisfy@nyu.edu,NLaraoe7HB,admin
Merci,Burgill,tburgillfz@icq.com,quaLJoDIw3yh,admin
Windy,Jammet,pjammetg0@hao123.com,jdvl0WROZT,admin
Carly,Wallentin,awallenting1@nytimes.com,AjOMbCMiJvj,admin
Adiana,Bridges,rbridgesg2@seattletimes.com,n8LBLjYC,admin
Sophi,Grassi,tgrassig3@cisco.com,7M9Qx8M0b,admin
Rudd,Sawford,isawfordg4@sogou.com,mnsYZHcmel,admin
Brinna,Sanzio,dsanziog5@jiathis.com,OBWc5QEGb,admin
Ruthie,Brookzie,pbrookzieg6@loc.gov,bEpeO8BG7,admin
Kerr,Dundridge,pdundridgeg7@skype.com,1TCziDu5u5,admin
Belia,Losbie,mlosbieg8@homestead.com,xei6OIYjLok,admin
Jack,Afonso,gafonsog9@issuu.com,6eJVSpR,admin
Rebekkah,Kindon,pkindonga@ucoz.ru,AtRp6AgR36,admin
Alley,Baudichon,bbaudichongb@networkadvertising.org,60oSgKF,admin
Avril,Imlach,limlachgc@desdev.cn,iiKKg2L1T,admin
Juline,Wilce,gwilcegd@themeforest.net,aAr6XlRilM,admin
Melody,Parncutt,dparncuttge@ibm.com,OpogKFzMzY,admin
Andi,Adolthine,eadolthinegf@elegantthemes.com,fPosFC,admin
Vanda,Sergean,nsergeangg@domainmarket.com,Z2HVMZS,admin
Honoria,Boake,kboakegh@intel.com,yvdAYOPb,admin
Valli,Tottle,stottlegi@yellowpages.com,m8HHDzHD,admin
Hamlen,Cheshir,acheshirgj@blogs.com,JjFqa9i,admin
Katrinka,Canniffe,tcanniffegk@theatlantic.com,Km8xPGx,admin
Regina,Gildea,cgildeagl@jalbum.net,hG9cqH7kaG,admin
Kippie,Emmines,kemminesgm@wix.com,w9VcAngOV,admin
Kellina,Boutellier,aboutelliergn@taobao.com,Toi3nf2,admin
Jaymee,Brannon,fbrannongo@techcrunch.com,NoBIoS1oSY,admin
Amalie,Bonhome,kbonhomegp@about.me,oY0fv9rx,admin
Leann,Husband,hhusbandgq@networkadvertising.org,qfNsw1XzuQEf,admin
Audry,Wapol,wwapolgr@ibm.com,cfaQv4A,admin
Dare,Storch,bstorchgs@people.com.cn,o9bCzM,admin
Berrie,Cobain,ccobaingt@1688.com,nmBd8ZlWH,admin
Nikkie,Volkers,avolkersgu@samsung.com,XAKZvmpN6XYI,admin
Zorana,Deaves,hdeavesgv@independent.co.uk,eB7hR6GFOFA,admin
Brendon,MacGebenay,fmacgebenaygw@i2i.jp,h1q3Yf8,admin
Dulcea,Everingham,aeveringhamgx@taobao.com,Mb7NFMQT,admin
Antonie,Gueste,cguestegy@sourceforge.net,j9brcCQFB,admin
Donnie,Dyke,odykegz@lulu.com,csuMBNs,admin
Harv,Haestier,phaestierh0@woothemes.com,GxVcfpF1VWC,admin
Marylynne,Clemes,gclemesh1@ow.ly,TGR18xGcwVB2,admin
Amanda,Cowpertwait,scowpertwaith2@pagesperso-orange.fr,Y9zHSzzM1p,admin
Marrilee,Pollen,dpollenh3@miibeian.gov.cn,1J2ohT,admin
Vikky,Delacroix,ndelacroixh4@wikia.com,pF4dYwQQD5p9,admin
Mela,Klementz,aklementzh5@ustream.tv,XoGT2bN,admin
Gavin,Scard,cscardh6@squarespace.com,OCZoAw,admin
Gamaliel,O'Feeney,aofeeneyh7@sitemeter.com,IqZDwx,admin
Pat,Doe,mdoeh8@gmpg.org,svQqQBseEz,admin
Genia,Lade,wladeh9@last.fm,t9Zwo2404,admin
Den,Aistrop,waistropha@networksolutions.com,rBZQFec,admin
Elianore,Hawthorne,bhawthornehb@flavors.me,1QdlVC,admin
Addi,Bolding,lboldinghc@cbslocal.com,r8A9bPh8x,admin
Cordie,Debney,tdebneyhd@weibo.com,5CiJwPwuLSs6,admin
Mac,Craighall,mcraighallhe@apple.com,LTyRpV20Az,admin
Samson,Rothschild,crothschildhf@creativecommons.org,XrtFJh3OR,admin
Sigismund,Ruggen,sruggenhg@foxnews.com,dGCnnE7VgZ,admin
Midge,Corderoy,acorderoyhh@godaddy.com,7q5aLBk4fTz,admin
Chance,Spriggin,gsprigginhi@blogtalkradio.com,BUCz2RVK6,admin
Dorene,Godlip,bgodliphj@answers.com,uCkohbgAf52u,admin
Myrvyn,Grundon,sgrundonhk@mail.ru,rtr55y68mFS,admin
Dewie,Heeron,kheeronhl@behance.net,xMQwGoc9xIIm,admin
Karine,Genn,tgennhm@yelp.com,zpCZCKZy23OQ,admin
Dorothea,Kenningham,ckenninghamhn@addthis.com,gL4HfBV,admin
Emmalynn,Davidek,bdavidekho@wsj.com,l6XDLQ6Wt,admin
Gabriele,Whitehorne,kwhitehornehp@unc.edu,Pn8T0g1i8F,admin
Norbert,Stollsteimer,cstollsteimerhq@chicagotribune.com,qHU0MqNq02E,admin
Nanci,Roddell,aroddellhr@redcross.org,RS5tUlt,admin
Dorie,Crutchley,gcrutchleyhs@reverbnation.com,tUmeLCo0Q,admin
Kellen,Scambler,cscamblerht@usnews.com,eHHdnvmLLI,admin
Jeanie,Bertot,ebertothu@google.pl,SciOpG0heQ,admin
Ragnar,MacLennan,hmaclennanhv@discuz.net,wqEBgstB,admin
Sanderson,Klimke,hklimkehw@oakley.com,UWzITxR6mR,admin
Vern,Barstock,gbarstockhx@vimeo.com,QK3N9uMyR,admin
Josias,Wrettum,lwrettumhy@google.de,VFXaZH,admin
Kasper,Barnewille,lbarnewillehz@aol.com,4ADKMRzJ4sd,admin
Jone,Zoephel,dzoepheli0@yandex.ru,DvLlWPr,admin
Arlin,Vanyukov,qvanyukovi1@com.com,rwuht48,admin
Zane,Bizzey,lbizzeyi2@jalbum.net,F4fPZrVo9,admin
Fara,Bullant,abullanti3@blogs.com,lIVHCC,admin
Broddie,Groveham,agrovehami4@angelfire.com,KiJXvejyuX,admin
Kara,McAlpin,amcalpini5@seesaa.net,BwTBPVR4,admin
Lorianna,MattiCCI,mmatticcii6@networksolutions.com,lCxN64RLk2F,admin
Reagen,Cardero,dcarderoi7@usda.gov,Jg3gGFri,admin
Flori,Russe,frussei8@harvard.edu,AnkoaP8,admin
Jelene,Barbary,dbarbaryi9@time.com,ReMfP2mvg7,admin
Anette,Pulbrook,epulbrookia@kickstarter.com,nREg4Ts7nX1,admin
Lizzie,Venediktov,tvenediktovib@deliciousdays.com,IZ6PxC,admin
Caprice,Keers,pkeersic@e-recht24.de,owqEDU,admin
Joly,Harmond,vharmondid@patch.com,knOnoZ,admin
Jo ann,Rivilis,crivilisie@ustream.tv,Kxx0IN,admin
Adamo,Wisedale,mwisedaleif@umich.edu,gK65aHLYPzjx,admin
Hope,Snoxill,gsnoxillig@spiegel.de,s3UdhV7kzh1I,admin
Allx,Arrol,karrolih@nature.com,rKsPv3imZI,admin
Cynthie,Fitzmaurice,cfitzmauriceii@cafepress.com,H4QX34BGhlyz,admin
Fabe,Crotty,icrottyij@mit.edu,aG5JP0npVncP,admin
Wendye,Walsham,lwalshamik@creativecommons.org,mfN8yYkqCU,admin
Maury,Daughtry,rdaughtryil@hatena.ne.jp,8PWZbdpBLr,admin
Cherianne,Hilland,lhillandim@github.io,2clQ9O,admin
Drew,Ottewell,nottewellin@vinaora.com,OZdzXxaydD,admin
April,Hinrich,hhinrichio@bandcamp.com,CiIYXnk4b,admin
Benedikt,Fardon,ffardonip@unc.edu,bSr0AM9DmS04,admin
Iolanthe,Pally,gpallyiq@e-recht24.de,tIkRC8hBdJ,admin
Selig,Le Fleming,dleflemingir@google.com.au,tqGgiSJS,admin
Arden,Parnham,jparnhamis@usgs.gov,HMxJ4tJ5i,admin
Esta,Giampietro,cgiampietroit@digg.com,BEXwNB0h8,admin
Madalyn,Alster,kalsteriu@google.es,uPdAkv4Uc9ac,admin
Garrik,McNeillie,dmcneillieiv@comsenz.com,EAGvihDDZY,admin
Nani,Chadderton,fchaddertoniw@dmoz.org,vSm0Hlob,admin
Alla,Spere,sspereix@arizona.edu,7duVDAZfoB,admin
Kipper,Korb,pkorbiy@seesaa.net,NO8WRY6YCwx8,admin
Pru,Pflieger,dpfliegeriz@linkedin.com,00Cc0P,admin
Matt,Eustice,seusticej0@noaa.gov,irNXlviriF7,admin
Granville,Tremmel,ttremmelj1@yahoo.com,tmE0MyH,admin
Heriberto,Lindley,klindleyj2@sohu.com,2RMUXlKjxN,admin
Cart,Harrild,aharrildj3@sina.com.cn,9sA39kX,admin
Reid,Borgne,bborgnej4@printfriendly.com,J4C9CnTej,admin
Jarred,Waghorne,dwaghornej5@ebay.com,tlT3ilqWlmX,admin
Jolie,Hambric,ohambricj6@cafepress.com,pSfHq065E,admin
Elwyn,Casella,ccasellaj7@typepad.com,7hNu0n,admin
Clemence,Beaven,lbeavenj8@sciencedaily.com,naMRQskohCb,admin
Bidget,Dix,mdixj9@answers.com,tE2rE1sZ5bOZ,admin
Thatcher,Jarry,ajarryja@jigsy.com,xAn63c,admin
Connie,Goodnow,dgoodnowjb@nih.gov,NXHnL3,admin
Gianna,Greenhouse,ggreenhousejc@wired.com,pKfqXD,admin
Vivienne,Straniero,mstranierojd@joomla.org,5qMd1wsVNDrb,admin
Allan,Leneve,bleneveje@mtv.com,zcYBvhSJ5E,admin
Jillian,Terry,aterryjf@patch.com,8pKJrZRbC,admin
Beatrisa,Trigwell,ntrigwelljg@dion.ne.jp,GOQuPlmhHU,admin
Matt,Search,msearchjh@sfgate.com,hcRIjZwI,admin
Samuele,Cousans,ecousansji@un.org,0gQnXhMplHO,admin
Shaylah,Tregust,ctregustjj@omniture.com,e7ZHtT,admin
Nerty,Chucks,cchucksjk@fc2.com,5atpy4N,admin
Marketa,Duffyn,tduffynjl@biglobe.ne.jp,uH2G1xVoRCq,admin
Janetta,Bernth,pbernthjm@wordpress.com,pUbEWw,admin
Dietrich,Jopp,djoppjn@hao123.com,oHvgCzii,admin
Tobiah,Bollands,ebollandsjo@flickr.com,6FgN3h,admin
Ty,McVitty,smcvittyjp@sohu.com,J47ndBLSH,admin
Krisha,Dallison,gdallisonjq@bbc.co.uk,chv4lwT8lD,admin
Feliza,Lidgley,plidgleyjr@ow.ly,E8MHNCLAN,admin
Emiline,Dunaway,cdunawayjs@unblog.fr,mHPEnpl,admin
Jobye,Simm,bsimmjt@upenn.edu,EfrZojqK8,admin
Jozef,O'Henecan,rohenecanju@hugedomains.com,zTSb6tkL,admin
Jess,MacRury,pmacruryjv@accuweather.com,aDaAmUwcuuv,admin
Shanta,Leabeater,kleabeaterjw@theatlantic.com,51f84MixOKX1,admin
Tait,Goodinge,cgoodingejx@netlog.com,9LPoOEPuuBQ,admin
Clemmy,Wagnerin,rwagnerinjy@sfgate.com,ZMGceT0kkPI,admin
Grant,Kill,mkilljz@so-net.ne.jp,PEOTYAa,admin
Gray,Maskell,amaskellk0@angelfire.com,Avod3OsF,admin
Clark,Aberdein,waberdeink1@studiopress.com,Lu7Br6eKHL,admin
Gerianne,Sullens,dsullensk2@tinyurl.com,JCQrrl,admin
Beatrice,Baggett,hbaggettk3@illinois.edu,zELm6e,admin
Gregory,Arntzen,earntzenk4@elpais.com,mENi0hRs9VCW,admin
Celinda,Hoggin,choggink5@usda.gov,3TDvrq2R5y,admin
Geoffrey,Kennion,jkennionk6@unicef.org,HZCth4gaG,admin
Cecil,Pischoff,jpischoffk7@aol.com,AJi8BFdZe,admin
Brandtr,Duddell,dduddellk8@artisteer.com,3ESZh2IzP,admin
Lisetta,Dipple,gdipplek9@blogger.com,x5p55zAr8bJ,admin
Seana,Binding,sbindingka@sciencedaily.com,FhvOi7UqT,admin
Arnold,McGilleghole,cmcgillegholekb@unc.edu,xKkEmH,admin
Clyde,O'Connell,eoconnellkc@tuttocitta.it,VGQU6L4tH,admin
Phyllis,Bloomer,cbloomerkd@deviantart.com,bvebNSC9,admin
Thorvald,Raybould,sraybouldke@hp.com,QwdwfBeJhT,admin
Pattin,Grimsley,agrimsleykf@gmpg.org,CUPlZaMz5DZ,admin
Beverley,Swinbourne,qswinbournekg@va.gov,zKs0V12LPPa,admin
Janeen,Ryder,hryderkh@nifty.com,RVcUeuM2Uf,admin
Deni,Longstaff,alongstaffki@google.es,g3fMGgUGaO,admin
Ema,Oakshott,doakshottkj@washingtonpost.com,dPB3NKT,admin
Ashla,Brookes,ebrookeskk@wisc.edu,cdRQQ4GCwBS,admin
Elga,Skule,cskulekl@wsj.com,lelglUTF8FR,admin
Sallyann,Schule,lschulekm@mlb.com,Mq7ol4,admin
Terrye,McLaughlin,lmclaughlinkn@google.com.br,xhl2QEx,admin
Timmy,Ruthven,aruthvenko@homestead.com,7QX6kWI250c6,admin
Glori,Perigo,mperigokp@google.es,hjRlyp,admin
Mariquilla,Dally,sdallykq@webmd.com,ehQxDOd3h,admin
Ilyse,Beddie,sbeddiekr@geocities.com,U6krhqxQ8hW6,admin
Eudora,Bearn,tbearnks@clickbank.net,FoBUiXJ,admin
Travers,Wrightam,twrightamkt@mayoclinic.com,GPS9eKE,admin
Millisent,Varnes,svarnesku@jimdo.com,TOza7nc,admin
Gill,McNaughton,amcnaughtonkv@yale.edu,MjwRjYDB8x,admin
Dalenna,Breckwell,gbreckwellkw@slideshare.net,iXzMDzV6C,admin
Cassandra,Tramel,btramelkx@tinyurl.com,mBcugIfZww4,admin
Fitzgerald,Jencken,njenckenky@gravatar.com,NjlW6ub,admin
Maxie,Stott,bstottkz@exblog.jp,W1Hu0DGq7kO3,admin
Maureene,Boas,jboasl0@virginia.edu,Q6t4ue,admin
Pauli,Fergie,cfergiel1@java.com,SERxMNS,admin
Audrye,Scandroot,dscandrootl2@boston.com,qhR8Bv,admin
Camile,Keel,rkeell3@mayoclinic.com,9tsAW3iYmz,admin
Leslie,Hartburn,mhartburnl4@rambler.ru,cxNmq79sZw,admin
Biddie,Hancill,chancilll5@ucsd.edu,YjI0oMQIzkd,admin
Deana,Jewkes,djewkesl6@shop-pro.jp,BeaAaCf,admin
Corilla,Ronca,sroncal7@accuweather.com,qPrnirGNm,admin
Bald,Maxwaile,jmaxwailel8@netlog.com,21ZQA6hvkI9a,admin
Sibelle,Ladon,aladonl9@mayoclinic.com,WB1ViqWhpH8,admin
Horten,Lomis,alomisla@narod.ru,77mEDG,admin
Ravi,Bortolazzi,pbortolazzilb@biglobe.ne.jp,6uavLdkqeb,admin
Linzy,Gainsborough,mgainsboroughlc@wunderground.com,6jRSObOcE7,admin
Patrice,Ratnage,sratnageld@examiner.com,JgZBvLTh,admin
Kassi,Booeln,abooelnle@facebook.com,JrcXvSk5AL1,admin
Trudy,McMillan,vmcmillanlf@rakuten.co.jp,ICpgYFnfg8,admin
Mead,Daughtery,ldaughterylg@symantec.com,ym1o3ZTp,admin
Sibyl,Lorait,vloraitlh@prnewswire.com,sOJu1q6uW,admin
Esme,Wilsey,vwilseyli@163.com,axbTugRPbpbq,admin
Jodie,Tzuker,wtzukerlj@bbc.co.uk,tE2gR2HZVUk,admin
Lucinda,Randerson,jrandersonlk@cloudflare.com,baEBjLdlG,admin
Philis,Poschel,mposchelll@sphinn.com,yiZ01m,admin
Elia,Double,pdoublelm@com.com,P4F5Mg,admin
Cindi,Keitley,bkeitleyln@vinaora.com,ZNYYX8APO,admin
Vidovic,Tolhurst,mtolhurstlo@posterous.com,tLxT7cek,admin
Michaelina,Cowey,ncoweylp@nydailynews.com,ZFmyIOY,admin
Latrina,Wigglesworth,swigglesworthlq@go.com,QNuaw9Cra,admin
Clo,Barton,mbartonlr@myspace.com,7bkK4Mo,admin
Jasmin,Huet,chuetls@i2i.jp,GqUbUnUo,admin
Sherwin,Siaskowski,jsiaskowskilt@goo.gl,e0HvFBuT,admin
Casie,Edinburough,gedinburoughlu@sourceforge.net,elTx45R,admin
Benji,Strainge,kstraingelv@xrea.com,c2UG1Veo2,admin
Nolan,Fantonetti,afantonettilw@joomla.org,LRaAjCf8H5,admin
Clemmie,MacAscaidh,cmacascaidhlx@blogspot.com,rV2YiQCcw,admin
Jeramey,Cashell,vcashellly@devhub.com,gqEp8YE,admin
Itch,Krelle,okrellelz@goodreads.com,vrXsUUimjUR,admin
Jozef,Kenan,ekenanm0@zdnet.com,LTzDbiz52FIl,admin
Mickie,Revance,krevancem1@msu.edu,VlIrzv1BF,admin
Jim,Zollner,hzollnerm2@usda.gov,Cc0PrekVZnj,admin
Gusti,McKie,imckiem3@comsenz.com,R9d2QIV9,admin
Yorgo,Redihalgh,credihalghm4@ucoz.com,reQvV0ZL,admin
Halsey,Kyston,wkystonm5@newsvine.com,UMJyd4,admin
Olivie,Olyunin,colyuninm6@rediff.com,xW3OtMH2Yi,admin
Townsend,Jarrelt,gjarreltm7@wisc.edu,CFjwXynpSF,admin
Rowan,Gai,jgaim8@xing.com,lCETtqrX,admin
Christyna,Passie,kpassiem9@unesco.org,ru6MEHJXqT9,admin
Dione,Ellar,bellarma@list-manage.com,LacyMbqk,admin
Bernelle,Moulson,mmoulsonmb@php.net,5ogvvoCgQTsx,admin
Silvia,Hammerson,phammersonmc@msu.edu,u6FD4xvs,admin
Valina,Wisden,ewisdenmd@addthis.com,1g7J07ejjrW,admin
Nancee,Officer,vofficerme@omniture.com,K6w5BWaoLxk,admin
Courtnay,Gabits,mgabitsmf@free.fr,L3rxuO7wuV,admin
Georgeta,Le Moucheux,nlemoucheuxmg@rambler.ru,LaorZdY,admin
Chrisse,Chillingworth,gchillingworthmh@ihg.com,ESh7r0lxc,admin
Courtenay,Pavlenkov,rpavlenkovmi@wufoo.com,lUwFVfrIoUZ7,admin
Nicolas,Warhurst,bwarhurstmj@tuttocitta.it,OnZWWmime,admin
Marice,Forcer,mforcermk@nifty.com,PtWM2oMCBHa,admin
Thomasina,Donoher,gdonoherml@comcast.net,FRPZx1J,admin
Kaitlyn,Bawcock,wbawcockmm@discovery.com,yTGaCg5h,admin
Wilfred,McAleese,lmcaleesemn@webmd.com,iGQd2GxmJa,admin
Alexis,Mannock,mmannockmo@wikispaces.com,4UAzI1Lxa6y,admin
Jillian,Ixer,mixermp@boston.com,Z8rp5FgaH3,admin
Eydie,Trimmell,ctrimmellmq@surveymonkey.com,ekUrOU68c,admin
Gertruda,Lambert,nlambertmr@fc2.com,Xmirg1ldx17O,admin
Liliane,Svanetti,bsvanettims@cmu.edu,HskrImCHb5g5,admin
Ali,Elstone,oelstonemt@wix.com,b9hbmnWpa6Yy,admin
Luci,Tilmouth,atilmouthmu@wikipedia.org,hGESDW5c26g,admin
Karlens,Weyman,sweymanmv@ihg.com,haBLIJ,admin
Tiffi,Hillock,khillockmw@123-reg.co.uk,12iYxi0rS,admin
Atalanta,Oram,lorammx@netscape.com,qu2vLQF8n,admin
Helge,Barkley,cbarkleymy@amazon.com,YSqycYAsa,admin
Mart,Tout,dtoutmz@symantec.com,pPU4gRV,admin
Bess,O'Connel,joconneln0@fema.gov,fM6ZDAX8s,admin
Reggie,Foote,bfooten1@wikia.com,Mee1tJY,admin
Erich,Butfield,nbutfieldn2@sun.com,CqNzC4xG,admin
Kissie,Mulleary,amullearyn3@linkedin.com,M8xILkP,admin
Morgana,Leeder,eleedern4@bigcartel.com,pKOr48B,admin
Mayne,Ravel,wraveln5@businesswire.com,ADxd17PH2qK,admin
Chrissy,Liff,jliffn6@over-blog.com,1pzxGZmsDq,admin
Loren,Carnier,rcarniern7@csmonitor.com,YLQdJ5IV0gX,admin
Mair,Jeste,ojesten8@flavors.me,aJ84EcN,admin
Theodoric,Pearman,qpearmann9@over-blog.com,z6oUWQL,admin
Ben,Lindenfeld,elindenfeldna@accuweather.com,lJmm2nWutHhV,admin
Marcille,Levinge,clevingenb@archive.org,tysA3O,admin
Theodor,Mc Gee,emcgeenc@purevolume.com,g0cYucWH48cY,admin
Bartholomew,Pleace,spleacend@shutterfly.com,BlMH8X6jMHJ,admin
Laurel,Barkshire,cbarkshirene@ebay.com,Hyhtp4buVuC,admin
Aidan,Campe,scampenf@bigcartel.com,2togzYeyvT3j,admin
Brigitta,Rosenstiel,rrosenstielng@disqus.com,wmPzfbW,admin
Emmery,Smyth,esmythnh@nytimes.com,8PZXCEJeA,admin
Emmett,Yesinov,cyesinovni@craigslist.org,f8brKD,admin
Layne,Greatland,bgreatlandnj@buzzfeed.com,RtWVIZ5,admin
Joan,Neilly,pneillynk@nifty.com,pmM9zX3,admin
Mandel,Russan,drussannl@gizmodo.com,fhykVRjCse,admin
Gwen,Kittles,mkittlesnm@google.fr,kLTBLqPd,admin
Etty,Beumant,rbeumantnn@cbc.ca,D5P36zZxIWra,admin
Gard,Daltry,adaltryno@uol.com.br,DQ1GyFDczeX3,admin
Melly,Ethridge,hethridgenp@reuters.com,ciGKT2gTPj,admin
Marji,Skone,pskonenq@51.la,p4A64Bc0,admin
Rice,Khosa,ckhosanr@google.co.jp,nfZZCr,admin
Brnaby,Smallshaw,bsmallshawns@arizona.edu,oLbtwEd,admin
Phylys,Ludlow,jludlownt@skype.com,Vx6FCQbmL,admin
Garold,Lowles,wlowlesnu@goo.ne.jp,y2qxszPf,admin
Garnet,Housden,ahousdennv@cloudflare.com,DJDwJpTl,admin
Kim,Drewes,sdrewesnw@vimeo.com,R60SNmsCEQT,admin
Desirae,Posselow,cposselownx@friendfeed.com,jvu2lt0vF6,admin
Carla,Swane,fswaneny@goodreads.com,OFgLY9rNE4c,admin
Joceline,Signoret,ssignoretnz@storify.com,z06Y3NQ,admin
Odetta,Robben,arobbeno0@cmu.edu,M3bQYfgP,admin
Lula,Angear,bangearo1@livejournal.com,Q5DKILvP1V,admin
Cally,Wickes,fwickeso2@thetimes.co.uk,0cCkOjaXNs,admin
Robinet,Wandrach,fwandracho3@histats.com,x6OIHRx1RZEA,admin
Sonnie,Bulter,wbultero4@delicious.com,mDDsf6Pxarc,admin
Raynor,Duchenne,kduchenneo5@list-manage.com,wjqBTzhP1,admin
Abbot,MacDunleavy,imacdunleavyo6@technorati.com,USriNFZS,admin
Magdalene,Simoens,asimoenso7@ftc.gov,EzA72bbHx2M,admin
Ronald,Caffrey,scaffreyo8@artisteer.com,klzkX3,admin
Pepillo,Fadell,afadello9@rediff.com,XhOtwX,admin
Scottie,Stickel,gstickeloa@xing.com,V7aF4kxip,admin
Cyrus,Nursey,dnurseyob@loc.gov,AULyLObC,admin
Ingeberg,Steel,ssteeloc@gnu.org,0RvMNpZYMT,admin
Ike,Bartles,mbartlesod@google.ru,jWkKQo,admin
Anatole,Flahive,dflahiveoe@stumbleupon.com,0KFzdMHU,admin
Alidia,Fawlo,kfawloof@51.la,RPxnPw,admin
Meghann,Duffy,eduffyog@github.com,EafQdjH,admin
Wendie,Southwood,tsouthwoodoh@github.com,h7JZJ16XWX,admin
Son,Doman,ddomanoi@csmonitor.com,zEcbofVEGNvb,admin
Hewie,D'Enrico,ddenricooj@techcrunch.com,jNEUlOuU,admin
Brandice,Mirams,cmiramsok@constantcontact.com,Ru6KgbSYNM,admin
Anabel,Autry,lautryol@phoca.cz,Y3DoXAjbMh6,admin
Alisa,Salvin,esalvinom@samsung.com,2O6B3d81,admin
Jeannette,Brogi,bbrogion@telegraph.co.uk,N93CnQN,admin
Derk,Ainscough,mainscoughoo@altervista.org,43RzBt0XpU,admin
Gunner,Kondratovich,nkondratovichop@cnet.com,8McuYeOdpSY,admin
Giana,Breznovic,abreznovicoq@cdbaby.com,Fi3eLau,admin
Magdalene,Mithon,kmithonor@twitter.com,1IJg4bC,admin
Blanche,Gandar,mgandaros@toplist.cz,qlrLC7,admin
Carissa,Boughton,tboughtonot@ucla.edu,BOrqEh1Fo,admin
Felice,Cabrales,acabralesou@telegraph.co.uk,e0YskMr,admin
Carmel,Shoorbrooke,wshoorbrookeov@indiatimes.com,Ie4zNFR8Hc,admin
Shaine,Lorek,klorekow@walmart.com,vBG7PsT1,admin
Erwin,Dohmann,cdohmannox@creativecommons.org,iiLyah6egRBJ,admin
Florrie,Pashen,spashenoy@epa.gov,8eT0UYN7fnFq,admin
Der,Hall,mhalloz@europa.eu,yR9xn9ecM,admin
Patrizio,Di Bartolomeo,rdibartolomeop0@illinois.edu,UOczrm,admin
Avictor,Blandamere,bblandamerep1@blinklist.com,GQSu3IIV,admin
Eward,Lettsom,blettsomp2@wix.com,musUTQPr7s,admin
Alaric,Riedel,criedelp3@networksolutions.com,8WJY5M6r,admin
Sarine,Shadfourth,sshadfourthp4@addthis.com,S3edU19w122,admin
Roch,Rizziello,srizziellop5@arizona.edu,JF75PbAcTYX,admin
Paloma,Halmkin,hhalmkinp6@foxnews.com,DH0yVnVmv,admin
Irving,Seys,useysp7@so-net.ne.jp,0EOp28,admin
Rheba,Vlies,avliesp8@imdb.com,N82WSeDAfBV,admin
Fabiano,Odby,codbyp9@google.com.br,E0ligMZy6,admin
Jeanelle,Brymham,cbrymhampa@google.com.au,TyDvi7S4,admin
Janeta,Petit,spetitpb@paginegialle.it,MAFTmQ,admin
Audie,Telling,atellingpc@slashdot.org,CkbQC1EW,admin
Trudie,Klimschak,rklimschakpd@xrea.com,ydQDty7d95da,admin
Cinderella,Wheelton,hwheeltonpe@tinyurl.com,sJGbf4oUc,admin
Bruno,Hesse,zhessepf@homestead.com,PuEhFy1Pi,admin
Betti,Kiltie,mkiltiepg@wikimedia.org,WWAAWa,admin
See,Dahill,sdahillph@squidoo.com,i6tDho2yY59,admin
Darline,Abramovicz,eabramoviczpi@china.com.cn,vTNuaIDC,admin
Bryon,Mould,bmouldpj@sbwire.com,x8ju0CawfD,admin
Yvonne,Senton,ssentonpk@dropbox.com,9as7XCIaeppX,admin
Burgess,Morillas,omorillaspl@nba.com,KvToSNmv51,admin
Tomi,Eccleshare,fecclesharepm@rakuten.co.jp,fLhU6MH,admin
Krystyna,Hartzog,lhartzogpn@hexun.com,dAar8XJ,admin
Lilas,McAughtrie,kmcaughtriepo@google.pl,ihgJuzRKw4Xh,admin
Sax,Esome,sesomepp@netlog.com,h65HzgG,admin
Yancy,Santo,jsantopq@trellian.com,lxUL5t6dl,admin
Walsh,MacKowle,cmackowlepr@state.gov,4zewG5ml,admin
Legra,Herrema,bherremaps@bloglines.com,TKRX9Qc,admin
Letisha,Beckingham,hbeckinghampt@fotki.com,SRsKt1f,admin
Adrienne,Coniam,tconiampu@imageshack.us,i5PdCN0,admin
Blondell,Zecchini,ozecchinipv@cyberchimps.com,pySjMoUWmfYS,admin
Brent,Phettiplace,aphettiplacepw@shareasale.com,Es50yMLW9x,admin
Beth,Saunders,gsaunderspx@deviantart.com,TfwfurhMsY,admin
Freddi,Blown,sblownpy@bigcartel.com,kh79E4lh,admin
Dennison,Acreman,macremanpz@cnn.com,1ykFDC,admin
Raven,Bendle,mbendleq0@desdev.cn,mP6Ob00wXD,admin
Dallon,Rispen,frispenq1@wordpress.com,OR5whB,admin
Peder,Veness,pvenessq2@washington.edu,UO8UiyEroW,admin
Clerkclaude,Parlour,oparlourq3@addtoany.com,86DMxgnm,admin
Gianina,Rawcliffe,mrawcliffeq4@mapy.cz,BDrzqG,admin
Reinhold,Fuente,mfuenteq5@surveymonkey.com,nx29DM5rd7zv,admin
Blisse,Claypoole,fclaypooleq6@springer.com,x6G5grG8lIrw,admin
Rosanna,Tirrell,mtirrellq7@com.com,NTRoHT,admin
Richmound,Andrichak,kandrichakq8@google.fr,q9udwu5wL,admin
Berkeley,Nilles,cnillesq9@kickstarter.com,fcryEIe2H9,admin
Doralynn,Leggott,dleggottqa@surveymonkey.com,lyBzDQ,admin
Aldwin,Morrant,imorrantqb@e-recht24.de,y060rDtHG,admin
Jillie,Walasik,jwalasikqc@networkadvertising.org,bwI35n,admin
Oliviero,Kidds,fkiddsqd@ftc.gov,FRSz8Qx8PTUN,admin
Wynnie,Biggerdike,mbiggerdikeqe@loc.gov,7LxE4cWOBp,admin
Renaldo,Ismead,dismeadqf@newsvine.com,jkl2kYX8,admin
Alina,Petracci,lpetracciqg@huffingtonpost.com,QWWfBELakM,admin
Sasha,O'Hear,aohearqh@hubpages.com,n2QFbdWp,admin
Rickey,Talby,ttalbyqi@washington.edu,rSluLZPTHfe,admin
Grange,Sealy,ksealyqj@nsw.gov.au,wSEyzSgmUj,admin
Kaiser,Jantot,sjantotqk@about.me,P09apDpLcCA,admin
Eamon,Brandts,mbrandtsql@bloglines.com,WbY9mF2HKz4,admin
Delinda,Starten,nstartenqm@weebly.com,3HWCcRyBRr8,admin
Delmore,Sandcraft,fsandcraftqn@wsj.com,joT7YJDk7UY,admin
Zandra,Edginton,cedgintonqo@linkedin.com,uaxDp7kGUT,admin
Kort,McPhelim,pmcphelimqp@hatena.ne.jp,SqOsJAeX,admin
Patrice,Annets,kannetsqq@aol.com,bhnG0BuLA,admin
Ram,Kibbe,skibbeqr@alibaba.com,UxfnoTt4BLwS,admin
Reginauld,Coney,jconeyqs@harvard.edu,EoNora1X,admin
Daniella,Cornewell,ucornewellqt@bbc.co.uk,Z99skKTV7Tz,admin
Agosto,Buchanan,mbuchananqu@ebay.co.uk,P5oY0Co9nO,admin
Patty,Casterton,vcastertonqv@ow.ly,UopD15GQFXCN,admin
Nathan,Gallier,hgallierqw@myspace.com,1kUEeYHyoB,admin
Elfie,Philippard,cphilippardqx@scientificamerican.com,mN2T1eLPthlA,admin
Torrey,O'Shiel,koshielqy@npr.org,egnJBA,admin
Bobbi,Sayse,ssayseqz@mozilla.com,Za8YIMd,admin
Gennie,Schimoni,dschimonir0@comcast.net,IAyI7Ig0OWz,admin
Carlyle,Laxe,dlaxer1@studiopress.com,R7hunn,admin
Ford,Clerk,hclerkr2@answers.com,qgosqmqM,admin
Reggie,Graffin,agraffinr3@hexun.com,xLlpwB0j,admin
Ellerey,Bassett,cbassettr4@geocities.jp,Bs7g9mN,admin
Brander,Crotty,scrottyr5@mediafire.com,cbwRAfbl,admin
Ede,Kopman,ykopmanr6@chronoengine.com,00Ia7051R,admin
Ameline,Davydychev,hdavydychevr7@technorati.com,7QtLxNmhwp,admin
Rois,Davenhill,jdavenhillr8@google.com.br,1cE4LIp9GwMQ,admin
Jo ann,Acreman,kacremanr9@friendfeed.com,vsuK3k46cM,admin
Neil,Minger,tmingerra@cornell.edu,EXrDxsI0IZ,admin
Linn,Pfeffle,bpfefflerb@csmonitor.com,P7quoXUrD,admin
Alla,Barnes,ibarnesrc@ibm.com,zEfjXaSd,admin
Florencia,Kaveney,rkaveneyrd@sina.com.cn,Clh5XSr8db3,admin
Dotty,Ragsdall,aragsdallre@histats.com,Yi1yxfKQb,admin
Darsie,Clayworth,iclayworthrf@smh.com.au,uY5IlNgby,admin
Jo-ann,Rudge,srudgerg@wired.com,M5OUfFCgYu,admin
Jeanie,Neising,sneisingrh@ifeng.com,D0ZR6y,admin
Margery,Duff,sduffri@businesswire.com,tZVHf2Wy,admin
Sybil,Kiljan,vkiljanrj@mysql.com,lyIwsmgChYZ,admin
Hugo,Edgehill,pedgehillrk@apache.org,wB5sal,admin
Ellsworth,Matevosian,wmatevosianrl@kickstarter.com,1y2Zs3lL,admin
Venus,Patroni,ipatronirm@stanford.edu,0pfWhBs2sVl,admin
Sapphira,Heinish,eheinishrn@barnesandnoble.com,Tk3Cyj,admin
Baldwin,Margiotta,nmargiottaro@ustream.tv,G8R5HZgt5,admin
Lancelot,Poyle,dpoylerp@ihg.com,PREhR7u,admin
Bernarr,Farmar,gfarmarrq@gmpg.org,0ZZGKUZ,admin
Arthur,Bunnell,bbunnellrr@youku.com,fgPo3n,admin
